machine_name,start_timestamp,actual_end_timestamp,speculated_end_timestamp
user@ec10,1746223213.7084424,1746654550.817339,1746688894.9199843
user@ec12,1746210759.343783,1746640610.4387426,1746696410.5413117
user@ec136,1746232832.9135668,1746664815.007224,1746689457.2295086
user@ec138,1746233265.762038,1746665185.7198846,1746690163.0551252
user@ec143,1746232878.0364957,1746664644.787506,1746690884.5207028
user@ec15,1746210777.9452598,1746642292.1584127,1746689406.5384223
user@ec16,1746211331.068236,1746640913.2288764,1746697042.2096558
user@ec166,1746232548.988382,1746664515.1467748,1746689917.2931762
user@ec168,1746233367.8070042,1746665136.6437051,1746690633.3858483
user@ec17,1746210808.3151915,1746641263.6228588,1746693167.3344655
user@ec18,1746210829.9071848,1746641074.2139566,1746695380.0725443
user@ec187,1746232417.784325,1746664415.2515862,1746689993.0174968
user@ec19,1746210804.4828403,1746641963.8799665,1746692917.1470807
user@ec191,1746233550.7055025,1746665481.1045532,1746689583.3042083
user@ec192,1746232532.8189526,1746664071.0643466,1746687975.4230647
user@ec2,1746210756.2696147,1746642699.8944952,1746691348.1587749
user@ec20,1746210815.9636593,1746641129.2377756,1746691635.5456028
user@ec21,1746210843.1054502,1746642707.622393,1746697068.7476797
user@ec22,1746210795.7300313,1746642468.203152,1746689466.5968297
user@ec23,1746210799.43992,1746641800.229833,1746688649.4460213
user@ec24,1746210863.2923052,1746640527.9125557,1746691182.2262805
user@ec29,1746210788.0952024,1746639942.5722642,1746688736.662434
user@ec30,1746210772.4708366,1746641950.9459832,1746692666.5349684
user@ec31,1746210857.8141162,1746641828.4525006,1746690444.425617
user@ec32,1746210853.2289393,1746640010.1936746,1746691851.6347601
user@ec33,1746210815.2214053,1746640596.2204316,1746689355.1191516
user@ec34,1746210915.4973774,1746639484.3774018,1746701112.8805299
user@ec35,1746210875.061617,1746636134.7362003,1746694204.939566
user@ec36,1746210906.5818224,1746639205.4156923,1746693908.408331
user@ec37,1746283959.2735023,1746713595.016182,1746691359.9503684
user@ec38,1746210878.16488,1746642389.4232285,1746692693.5596783
user@ec39,1746210833.7599394,1746642194.627703,1746694407.5961657
user@ec4,1746223216.3805478,1746653285.1791987,1746696987.147911
user@ec40,1746210864.8432665,1746641468.497726,1746695380.4894772
user@ec41,1746210879.215114,1746633673.178594,1746687372.986133
user@ec42,1746210899.529362,1746642301.7394404,1746691586.653169
user@ec43,1746210927.211218,1746640691.8035429,1746699588.9498942
user@ec44,1746210935.0306275,1746641517.4826572,1746693540.0842254
user@ec45,1746210777.184663,1746641795.6632962,1746697876.072284
user@ec46,1746210860.20871,1746641307.5975325,1746696222.9747553
user@ec48,1746210920.196467,1746642053.4623065,1746690111.1582987
user@ec5,1746210956.1225946,1746642455.4576929,1746690336.6980102
user@ec6,1746210942.0202105,1746641587.8421814,1746690447.2359912
user@ec7,1746210753.286015,1746641786.4716058,1746693593.7065663
user@ec8,1746210945.1448312,1746642214.3832932,1746694554.728666
user@ec9,1746210754.768628,1746641313.4623816,1746695322.4606514
x-user@a007.anvil.rcac.purdue.edu,1746553373.5609424,1746900450.070773,1746687499.8741837
x-user@a008.anvil.rcac.purdue.edu,1746552052.1371765,1746900773.5418472,1746694189.166947
x-user@a012.anvil.rcac.purdue.edu,1746553446.9208643,1746812367.386206,1746688155.5531058
x-user@a013.anvil.rcac.purdue.edu,1746553415.4624438,1746812619.3269513,1746687439.5080254
x-user@a014.anvil.rcac.purdue.edu,1746552250.814232,1746899566.17636,1746694660.9191444
x-user@a016.anvil.rcac.purdue.edu,1746552218.3828614,1746900314.7542858,1746694138.335255
x-user@a031.anvil.rcac.purdue.edu,1746552152.046852,1746898307.189038,1746688405.761913
x-user@a034.anvil.rcac.purdue.edu,1746552088.1489437,1746811125.406511,1746691835.8099277
x-user@a035.anvil.rcac.purdue.edu,1746552186.6906548,1746811011.9666927,1746692944.3482752
x-user@a036.anvil.rcac.purdue.edu,1746552120.433711,1746810810.6655457,1746691046.0158753
x-user@a060.anvil.rcac.purdue.edu,1746219004.9420576,1746477987.6455302,1746690931.530715
x-user@a067.anvil.rcac.purdue.edu,1746811495.7062857,1746898550.2074296,1746811495.7062857
x-user@a074.anvil.rcac.purdue.edu,1746219101.04801,1746478281.9623334,1746690312.2407706
x-user@a078.anvil.rcac.purdue.edu,1746219128.477859,1746477976.2439027,1746692052.4582715
x-user@a079.anvil.rcac.purdue.edu,1746219206.7071168,1746478232.5229435,1746691806.2741344
x-user@a080.anvil.rcac.purdue.edu,1746219156.117344,1746477731.7317386,1746687390.3136587
x-user@a082.anvil.rcac.purdue.edu,1746219181.2457614,1746478128.9860857,1746693018.056603
x-user@a083.anvil.rcac.purdue.edu,1746219232.5732238,1746478119.8248532,1746695004.7940862
x-user@a106.anvil.rcac.purdue.edu,1746811389.033636,1746900832.3992667,1746811389.033636
x-user@a120.anvil.rcac.purdue.edu,1746812640.0709734,1746898032.6361022,1746812640.0709734
x-user@a130.anvil.rcac.purdue.edu,1746812676.08979,1746900356.0341666,1746812676.08979
x-user@a239.anvil.rcac.purdue.edu,1746811316.399469,1746900470.7392488,1746811316.399469
